{"count":1,"self":60123.453849599995,"total":61508.060977999994,"children":{"AgentSendState":{"count":15382518,"self":87.4977792,"total":425.618002,"children":{"CollectObservations":{"count":246120,"self":0.5296704,"total":0.5296704,"children":null},"CollectDiscreteActionMasks":{"count":246120,"self":0.47475419999999996,"total":0.47475419999999996,"children":null},"AgentInfo.ToProto":{"count":246120,"self":2.5445476,"total":337.1158001,"children":{"GenerateSensorData":{"count":246120,"self":5.8900419999999993,"total":334.5712526,"children":{"CameraSensor.GetCompressedObservation":{"count":246120,"self":328.681216,"total":328.68121049999996,"children":null}}}}}}},"DecideAction":{"count":15382518,"self":863.0392832,"total":863.03931,"children":null},"AgentAct":{"count":15382518,"self":36.516416,"total":95.9471267,"children":{"AgentInfo.ToProto":{"count":31914,"self":0.4029101,"total":59.430711599999995,"children":{"GenerateSensorData":{"count":31914,"self":0.9436236,"total":59.027801499999995,"children":{"CameraSensor.GetCompressedObservation":{"count":31914,"self":58.084179199999994,"total":58.0841779,"children":null}}}}}}}},"gauges":{"OfficeAgent.CumulativeReward":{"count":31914,"max":1.31000555,"min":-1,"runningAverage":-0.9664485,"value":-1,"weightedAverage":-0.8151028}},"metadata":{"timer_format_version":"0.1.0","start_time_seconds":"1597927602","unity_version":"2019.3.15f1","command_line_arguments":"C:\\Program Files\\Unity\\Hub\\Editor\\2019.3.15f1\\Editor\\Unity.exe -projectpath C:\/Users\/vfgtr\/OfficeAgent -useHub -hubIPC -cloudEnvironment production -hubSessionId 3907d870-e1e4-11ea-80b8-c1c0d275a743 -accessToken hKmZHCFEK5HLLy0-86aVjBwtlLSSmpyfyFqDO87xHhY00df","communication_protocol_version":"1.0.0","com.unity.ml-agents_version":"1.0.3","scene_name":"scene","end_time_seconds":"1597989109"}}