{
  "name": "root",
  "gauges": [
    {
      "name": "HeightCondition.mean_reward",
      "value": 4580.555555555556,
      "min": 1405.6666666666667,
      "max": 4605.0,
      "count": 39
    }
  ],
  "total": 1992.9071508999998,
  "count": 1,
  "self": 73.50560569997947,
  "children": [
    {
      "name": "TrainerController.advance",
      "total": 1919.4015452000203,
      "count": 200001,
      "self": 377.8169127999963,
      "children": [
        {
          "name": "env_step",
          "total": 1111.2686762000255,
          "count": 200001,
          "self": 864.5416812999895,
          "children": [
            {
              "name": "SubprocessEnvManager._take_step",
              "total": 243.5249607000468,
              "count": 200001,
              "self": 8.589969900052182,
              "children": [
                {
                  "name": "PPOPolicy.evaluate",
                  "total": 234.9349907999946,
                  "count": 400002,
                  "self": 234.9349907999946
                }
              ]
            },
            {
              "name": "workers",
              "total": 3.202034199989228,
              "count": 200001,
              "self": 0.0,
              "children": [
                {
                  "name": "worker_root",
                  "total": 1985.9533468999916,
                  "count": 200001,
                  "is_parallel": true,
                  "self": 1301.2214781000098,
                  "children": [
                    {
                      "name": "batched_step_result_from_proto",
                      "total": 0.0006246000000000862,
                      "count": 2,
                      "is_parallel": true,
                      "self": 0.0003043000000015894,
                      "children": [
                        {
                          "name": "_process_vector_observation",
                          "total": 0.0003202999999984968,
                          "count": 2,
                          "is_parallel": true,
                          "self": 0.0003202999999984968
                        }
                      ]
                    },
                    {
                      "name": "UnityEnvironment.step",
                      "total": 684.7312441999819,
                      "count": 200001,
                      "is_parallel": true,
                      "self": 31.517676800025356,
                      "children": [
                        {
                          "name": "UnityEnvironment._generate_step_input",
                          "total": 39.091675099992926,
                          "count": 200001,
                          "is_parallel": true,
                          "self": 39.091675099992926
                        },
                        {
                          "name": "communicator.exchange",
                          "total": 505.12506679998387,
                          "count": 200001,
                          "is_parallel": true,
                          "self": 505.12506679998387
                        },
                        {
                          "name": "batched_step_result_from_proto",
                          "total": 108.99682549997974,
                          "count": 400002,
                          "is_parallel": true,
                          "self": 54.403003399972675,
                          "children": [
                            {
                              "name": "_process_vector_observation",
                              "total": 54.59382210000706,
                              "count": 400002,
                              "is_parallel": true,
                              "self": 54.59382210000706
                            }
                          ]
                        }
                      ]
                    }
                  ]
                }
              ]
            }
          ]
        },
        {
          "name": "update_policy",
          "total": 430.31595619999837,
          "count": 953,
          "self": 310.78741719996106,
          "children": [
            {
              "name": "PPOPolicy.update",
              "total": 119.52853900003733,
              "count": 47310,
              "self": 119.52853900003733
            }
          ]
        }
      ]
    }
  ]
}