{
  "name": "root",
  "gauges": [
    {
      "name": "RadiusCondition.mean_reward",
      "value": 4370.777777777777,
      "min": 214.11111111111111,
      "max": 4396.777777777777,
      "count": 39
    }
  ],
  "total": 1567.0278452999999,
  "count": 1,
  "self": 56.410665900058575,
  "children": [
    {
      "name": "TrainerController.advance",
      "total": 1510.6171793999413,
      "count": 200001,
      "self": 293.28579389989727,
      "children": [
        {
          "name": "env_step",
          "total": 874.0209753000448,
          "count": 200001,
          "self": 669.0420065001334,
          "children": [
            {
              "name": "SubprocessEnvManager._take_step",
              "total": 202.8306116999123,
              "count": 200001,
              "self": 7.381659999969742,
              "children": [
                {
                  "name": "PPOPolicy.evaluate",
                  "total": 195.44895169994257,
                  "count": 400002,
                  "self": 195.44895169994257
                }
              ]
            },
            {
              "name": "workers",
              "total": 2.148357099999105,
              "count": 200001,
              "self": 0.0,
              "children": [
                {
                  "name": "worker_root",
                  "total": 1562.0311593999556,
                  "count": 200001,
                  "is_parallel": true,
                  "self": 1034.889442199955,
                  "children": [
                    {
                      "name": "batched_step_result_from_proto",
                      "total": 0.0006066000000011229,
                      "count": 2,
                      "is_parallel": true,
                      "self": 0.00028050000000057196,
                      "children": [
                        {
                          "name": "_process_vector_observation",
                          "total": 0.00032610000000055095,
                          "count": 2,
                          "is_parallel": true,
                          "self": 0.00032610000000055095
                        }
                      ]
                    },
                    {
                      "name": "UnityEnvironment.step",
                      "total": 527.1411106000006,
                      "count": 200001,
                      "is_parallel": true,
                      "self": 26.041258799968887,
                      "children": [
                        {
                          "name": "UnityEnvironment._generate_step_input",
                          "total": 30.852885000021743,
                          "count": 200001,
                          "is_parallel": true,
                          "self": 30.852885000021743
                        },
                        {
                          "name": "communicator.exchange",
                          "total": 381.37711150003656,
                          "count": 200001,
                          "is_parallel": true,
                          "self": 381.37711150003656
                        },
                        {
                          "name": "batched_step_result_from_proto",
                          "total": 88.86985529997341,
                          "count": 400002,
                          "is_parallel": true,
                          "self": 43.66954179991612,
                          "children": [
                            {
                              "name": "_process_vector_observation",
                              "total": 45.20031350005729,
                              "count": 400002,
                              "is_parallel": true,
                              "self": 45.20031350005729
                            }
                          ]
                        }
                      ]
                    }
                  ]
                }
              ]
            }
          ]
        },
        {
          "name": "update_policy",
          "total": 343.3104101999992,
          "count": 953,
          "self": 244.01523809998537,
          "children": [
            {
              "name": "PPOPolicy.update",
              "total": 99.2951721000138,
              "count": 47310,
              "self": 99.2951721000138
            }
          ]
        }
      ]
    }
  ]
}