{
  "name": "root",
  "gauges": [
    {
      "name": "RaycastCondition.mean_reward",
      "value": 4985.133333298895,
      "min": 2580.5999939888716,
      "max": 4998.066666664348,
      "count": 59
    }
  ],
  "total": 2930.7293253000003,
  "count": 1,
  "self": 97.25100400006659,
  "children": [
    {
      "name": "TrainerController.advance",
      "total": 2833.4783212999337,
      "count": 300001,
      "self": 545.347403899973,
      "children": [
        {
          "name": "env_step",
          "total": 1614.2196444999483,
          "count": 300001,
          "self": 1251.6651796998492,
          "children": [
            {
              "name": "SubprocessEnvManager._take_step",
              "total": 357.88855030011234,
              "count": 300001,
              "self": 13.00363840015143,
              "children": [
                {
                  "name": "PPOPolicy.evaluate",
                  "total": 344.8849118999609,
                  "count": 600002,
                  "self": 344.8849118999609
                }
              ]
            },
            {
              "name": "workers",
              "total": 4.6659144999868385,
              "count": 300001,
              "self": 0.0,
              "children": [
                {
                  "name": "worker_root",
                  "total": 2921.2371114999687,
                  "count": 300001,
                  "is_parallel": true,
                  "self": 1932.396926399978,
                  "children": [
                    {
                      "name": "batched_step_result_from_proto",
                      "total": 0.0006192999999998783,
                      "count": 2,
                      "is_parallel": true,
                      "self": 0.00030299999999972016,
                      "children": [
                        {
                          "name": "_process_vector_observation",
                          "total": 0.0003163000000001581,
                          "count": 2,
                          "is_parallel": true,
                          "self": 0.0003163000000001581
                        }
                      ]
                    },
                    {
                      "name": "UnityEnvironment.step",
                      "total": 988.8395657999906,
                      "count": 300001,
                      "is_parallel": true,
                      "self": 46.47424869978238,
                      "children": [
                        {
                          "name": "UnityEnvironment._generate_step_input",
                          "total": 58.75018810008777,
                          "count": 300001,
                          "is_parallel": true,
                          "self": 58.75018810008777
                        },
                        {
                          "name": "communicator.exchange",
                          "total": 728.6074729000579,
                          "count": 300001,
                          "is_parallel": true,
                          "self": 728.6074729000579
                        },
                        {
                          "name": "batched_step_result_from_proto",
                          "total": 155.0076561000625,
                          "count": 600002,
                          "is_parallel": true,
                          "self": 78.74731620016156,
                          "children": [
                            {
                              "name": "_process_vector_observation",
                              "total": 76.26033989990093,
                              "count": 600002,
                              "is_parallel": true,
                              "self": 76.26033989990093
                            }
                          ]
                        }
                      ]
                    }
                  ]
                }
              ]
            }
          ]
        },
        {
          "name": "update_policy",
          "total": 673.9112729000124,
          "count": 2341,
          "self": 436.37547100004156,
          "children": [
            {
              "name": "PPOPolicy.update",
              "total": 237.53580189997078,
              "count": 126414,
              "self": 237.53580189997078
            }
          ]
        }
      ]
    }
  ]
}