{
  "name": "root",
  "gauges": [
    {
      "name": "UpDownCondition.mean_reward",
      "value": 4944.333333333333,
      "min": 3349.222222222222,
      "max": 4952.777777777777,
      "count": 199
    }
  ],
  "total": 9036.575803,
  "count": 1,
  "self": 293.3415601002562,
  "children": [
    {
      "name": "TrainerController.advance",
      "total": 8743.234242899744,
      "count": 1000001,
      "self": 1665.4185962994134,
      "children": [
        {
          "name": "env_step",
          "total": 5002.350621600311,
          "count": 1000001,
          "self": 3871.903459801186,
          "children": [
            {
              "name": "SubprocessEnvManager._take_step",
              "total": 1116.4815652994484,
              "count": 1000001,
              "self": 39.91448550037171,
              "children": [
                {
                  "name": "PPOPolicy.evaluate",
                  "total": 1076.5670797990767,
                  "count": 2000002,
                  "self": 1076.5670797990767
                }
              ]
            },
            {
              "name": "workers",
              "total": 13.965596499676723,
              "count": 1000001,
              "self": 0.0,
              "children": [
                {
                  "name": "worker_root",
                  "total": 9009.84956829986,
                  "count": 1000001,
                  "is_parallel": true,
                  "self": 5945.288014299808,
                  "children": [
                    {
                      "name": "batched_step_result_from_proto",
                      "total": 0.0007366999999991464,
                      "count": 2,
                      "is_parallel": true,
                      "self": 0.0003060999999977554,
                      "children": [
                        {
                          "name": "_process_vector_observation",
                          "total": 0.000430600000001391,
                          "count": 2,
                          "is_parallel": true,
                          "self": 0.000430600000001391
                        }
                      ]
                    },
                    {
                      "name": "UnityEnvironment.step",
                      "total": 3064.560817300052,
                      "count": 1000001,
                      "is_parallel": true,
                      "self": 148.981619899796,
                      "children": [
                        {
                          "name": "UnityEnvironment._generate_step_input",
                          "total": 177.6066853993658,
                          "count": 1000001,
                          "is_parallel": true,
                          "self": 177.6066853993658
                        },
                        {
                          "name": "communicator.exchange",
                          "total": 2249.042386200466,
                          "count": 1000001,
                          "is_parallel": true,
                          "self": 2249.042386200466
                        },
                        {
                          "name": "batched_step_result_from_proto",
                          "total": 488.9301258004245,
                          "count": 2000002,
                          "is_parallel": true,
                          "self": 246.64367670021534,
                          "children": [
                            {
                              "name": "_process_vector_observation",
                              "total": 242.28644910020915,
                              "count": 2000002,
                              "is_parallel": true,
                              "self": 242.28644910020915
                            }
                          ]
                        }
                      ]
                    }
                  ]
                }
              ]
            }
          ]
        },
        {
          "name": "update_policy",
          "total": 2075.4650250000195,
          "count": 7806,
          "self": 1341.5383390999896,
          "children": [
            {
              "name": "PPOPolicy.update",
              "total": 733.9266859000301,
              "count": 421524,
              "self": 733.9266859000301
            }
          ]
        }
      ]
    }
  ]
}