{"count":1,"self":18.7238656,"total":79.11559849999999,"children":{"AgentSendState":{"count":20751,"self":0.8278907,"total":1.6764355,"children":{"CollectObservations":{"count":49812,"self":0.19619219999999998,"total":0.19619219999999998,"children":null},"CollectDiscreteActionMasks":{"count":49812,"self":0.08298309999999999,"total":0.08298309999999999,"children":null},"AgentInfo.ToProto":{"count":49812,"self":0.26220309999999997,"total":0.5693695,"children":{"GenerateSensorData":{"count":49812,"self":0.3071664,"total":0.3071664,"children":null}}}}},"DecideAction":{"count":20751,"self":57.712928,"total":57.7129262,"children":null},"AgentAct":{"count":20751,"self":0.98044919999999991,"total":1.0003712999999999,"children":{"AgentInfo.ToProto":{"count":1832,"self":0.0039827,"total":0.019922099999999998,"children":{"GenerateSensorData":{"count":1832,"self":0.0159394,"total":0.0159394,"children":null}}}}}},"gauges":{"3DBall.CumulativeReward":{"count":1832,"max":12.3000145,"min":0.100000165,"runningAverage":1.67527151,"value":3.99999762,"weightedAverage":3.54336739}},"metadata":{"timer_format_version":"0.1.0","start_time_seconds":"1605154176","unity_version":"2019.3.15f1","command_line_arguments":"C:\\Program Files\\Unity\\Hub\\Editor\\2019.3.15f1\\Editor\\Unity.exe -projectpath C:\/Users\/vfgtr8746\/WorkSpace\/BinPacking -useHub -hubIPC -cloudEnvironment production -hubSessionId 7548b420-2498-11eb-80cf-658b48021de1","communication_protocol_version":"1.0.0","com.unity.ml-agents_version":"1.0.5","scene_name":"3DBall","end_time_seconds":"1605154255"}}