{"count":1,"self":29.349385599999998,"total":30.372079399999997,"children":{"InitializeSensors":{"count":16,"self":0.0029866999999999997,"total":0.0029866999999999997,"children":null},"AgentSendState":{"count":1282,"self":0.0330475,"total":0.060982999999999996,"children":{"CollectObservations":{"count":3424,"self":0.0059911,"total":0.0059911,"children":null},"CollectDiscreteActionMasks":{"count":3424,"self":0.0044833999999999994,"total":0.0044833999999999994,"children":null},"RequestDecision":{"count":3424,"self":0.017461,"total":0.017461,"children":null}}},"DecideAction":{"count":1282,"self":0.7348323,"total":0.880184,"children":{"RayPerceptionSensor.Perceive":{"count":3424,"self":0.1453517,"total":0.1453517,"children":null}}},"AgentAct":{"count":1282,"self":0.07754019999999999,"total":0.07754019999999999,"children":null}},"gauges":{"Hallway.CumulativeReward":{"count":98,"max":1.94867051,"min":0.849999666,"runningAverage":0.947064757,"value":0.9166669,"weightedAverage":0.976987243}},"metadata":{"timer_format_version":"0.1.0","start_time_seconds":"1597223559","unity_version":"2019.3.15f1","command_line_arguments":"C:\\Program Files\\Unity\\Hub\\Editor\\2019.3.15f1\\Editor\\Unity.exe -projectpath C:\/Users\/vfgtr554\/ml-agents\/Project -useHub -hubIPC -cloudEnvironment production -hubSessionId 8ba13240-dba7-11ea-adb5-dd80b24f6244 -accessToken 4Vl3Q2XcjWTFMdm0SpWrzRYOhjxt1H7gTh8_9NjfpCg00df","communication_protocol_version":"1.0.0","com.unity.ml-agents_version":"1.2.0-preview","scene_name":"Hallway","end_time_seconds":"1597223589"}}