{"count":1,"self":438.42099199999996,"total":2335.9487105999997,"children":{"AgentSendState":{"count":500717,"self":17.141112,"total":63.927015399999995,"children":{"CollectObservations":{"count":500717,"self":15.413464,"total":15.413463799999999,"children":null},"CollectDiscreteActionMasks":{"count":500717,"self":0.8633835,"total":0.8633835,"children":null},"AgentInfo.ToProto":{"count":500717,"self":4.0134052,"total":30.5090559,"children":{"GenerateSensorData":{"count":500717,"self":26.495651199999998,"total":26.4956507,"children":null}}}}},"DecideAction":{"count":500717,"self":1820.6050303999998,"total":1820.6050197999998,"children":null},"AgentAct":{"count":500717,"self":12.9727584,"total":12.9946667,"children":{"AgentInfo.ToProto":{"count":427,"self":0.0029947999999999997,"total":0.0219082,"children":{"GenerateSensorData":{"count":427,"self":0.0189134,"total":0.0189134,"children":null}}}}}},"gauges":{"Packing.CumulativeReward":{"count":427,"max":59.8699532,"min":34.81969,"runningAverage":47.8418922,"value":46.8949661,"weightedAverage":48.91118}},"metadata":{"timer_format_version":"0.1.0","start_time_seconds":"1605368976","unity_version":"2019.3.15f1","command_line_arguments":"C:\\Program Files\\Unity\\Hub\\Editor\\2019.3.15f1\\Editor\\Unity.exe -projectpath C:\/Users\/vfgtr\/Desktop\/BinPacking_2D -useHub -hubIPC -cloudEnvironment production -hubSessionId 6c8315f0-2688-11eb-8b3c-c5616ee2ec2f -accessToken 0urOdIpWfW5ELNcx9O92lCiYMZeBG3nSflvDVn55_OI00df","communication_protocol_version":"1.0.0","com.unity.ml-agents_version":"1.0.5","scene_name":"SampleScene","end_time_seconds":"1605371312"}}