{"count":1,"self":1.5416519,"total":4.1985418999999995,"children":{"AgentSendState":{"count":834,"self":0.0328647,"total":0.0747892,"children":{"CollectObservations":{"count":2004,"self":0.0059841999999999994,"total":0.0059841999999999994,"children":null},"CollectDiscreteActionMasks":{"count":2004,"self":0.00097789999999999986,"total":0.00097789999999999986,"children":null},"AgentInfo.ToProto":{"count":2004,"self":0.0139746,"total":0.0349624,"children":{"GenerateSensorData":{"count":2004,"self":0.020987799999999997,"total":0.020987799999999997,"children":null}}}}},"DecideAction":{"count":834,"self":2.535282,"total":2.5352821,"children":null},"AgentAct":{"count":834,"self":0.044817499999999996,"total":0.0458171,"children":{"AgentInfo.ToProto":{"count":86,"self":0,"total":0.0009996,"children":{"GenerateSensorData":{"count":86,"self":0.0009996,"total":0.0009996,"children":null}}}}}},"gauges":{"3DBall.CumulativeReward":{"count":86,"max":3.499998,"min":0.100000165,"runningAverage":1.08720934,"value":0.7000003,"weightedAverage":0.9486895}},"metadata":{"timer_format_version":"0.1.0","start_time_seconds":"1602555460","unity_version":"2019.3.15f1","command_line_arguments":"C:\\Program Files\\Unity\\Hub\\Editor\\2019.3.15f1\\Editor\\Unity.exe -projectpath C:\/Users\/vfgtr554\/OfficeAgent 2 -useHub -hubIPC -cloudEnvironment production -hubSessionId 1f387bf0-0ced-11eb-a3d6-43b7e947d1dc","communication_protocol_version":"1.0.0","com.unity.ml-agents_version":"1.0.5","scene_name":"3DBall","end_time_seconds":"1602555464"}}