{"count":1,"self":48890.6555392,"total":50757.427222599996,"children":{"AgentSendState":{"count":31821869,"self":148.6979584,"total":618.9141572,"children":{"CollectObservations":{"count":558008,"self":0.98957739999999994,"total":0.98957739999999994,"children":null},"CollectDiscreteActionMasks":{"count":558008,"self":2.03951,"total":2.0395100999999998,"children":null},"AgentInfo.ToProto":{"count":558008,"self":5.149064,"total":467.1871061,"children":{"GenerateSensorData":{"count":558008,"self":10.7254288,"total":462.0380423,"children":{"CameraSensor.GetCompressedObservation":{"count":558008,"self":451.31258879999996,"total":451.3126139,"children":null}}}}}}},"DecideAction":{"count":31821869,"self":1186.6713088,"total":1186.6712995,"children":null},"AgentAct":{"count":31821869,"self":60.458271999999994,"total":61.1853488,"children":{"AgentInfo.ToProto":{"count":677,"self":0.0060126999999999993,"total":0.7270772,"children":{"GenerateSensorData":{"count":677,"self":0.0151014,"total":0.7210645,"children":{"CameraSensor.GetCompressedObservation":{"count":677,"self":0.7059631,"total":0.7059631,"children":null}}}}}}}},"gauges":{"OfficeAgent.CumulativeReward":{"count":677,"max":21.604332,"min":-669.570862,"runningAverage":-13.0931835,"value":1.71999848,"weightedAverage":-0.7326976}},"metadata":{"timer_format_version":"0.1.0","start_time_seconds":"1598282570","unity_version":"2019.3.15f1","command_line_arguments":"C:\\Program Files\\Unity\\Hub\\Editor\\2019.3.15f1\\Editor\\Unity.exe -projectpath C:\/Users\/vfgtr\/OfficeAgent -useHub -hubIPC -cloudEnvironment production -hubSessionId b80d2e90-e4fa-11ea-9a8a-4f3c04e4f838 -accessToken NUgKFN4Sa8wM3aATOk9up5tOn8R00Agej3hrYLHDYYY00df","communication_protocol_version":"1.0.0","com.unity.ml-agents_version":"1.0.3","scene_name":"scene_MultiAgent","end_time_seconds":"1598333328"}}