{"cameraMode":{"drawMode":0,"name":"Shaded","section":"Shading Mode"},"sceneLighting":true,"audioPlay":false,"sceneViewState":{"showFog":true,"showMaterialUpdate":true,"showSkybox":true,"showFlares":true,"showImageEffects":true,"showParticleSystems":true},"in2DMode":false,"pivot":{"x":-0.20589402318000794,"y":0.7127128839492798,"z":-0.7597717046737671},"rotation":{"x":0.24632379412651063,"y":-0.03892270475625992,"z":0.009039823897182942,"w":0.9685851335525513},"size":3.914175271987915,"orthographic":false}