{"cameraMode":{"drawMode":0,"name":"Shaded","section":"Shading Mode"},"sceneLighting":true,"audioPlay":false,"sceneViewState":{"showFog":true,"showMaterialUpdate":false,"showSkybox":true,"showFlares":true,"showImageEffects":true,"showParticleSystems":true},"in2DMode":false,"pivot":{"x":533.95703125,"y":-729.31103515625,"z":-700.9525146484375},"rotation":{"x":-0.03498806431889534,"y":0.9321471452713013,"z":-0.3480021357536316,"w":-0.09371336549520493},"size":4965.91064453125,"orthographic":false}