{
    "name": "root",
    "gauges": {
        "AllTest3_HeightBrain.Policy.Entropy.mean": {
            "value": 0.8494679927825928,
            "min": 0.6246528625488281,
            "max": 1.3862049579620361,
            "count": 1000
        },
        "AllTest3_HeightBrain.Environment.EpisodeLength.mean": {
            "value": 427.25,
            "min": 15.80952380952381,
            "max": 499.0,
            "count": 978
        },
        "AllTest3_HeightBrain.Policy.ExtrinsicValueEstimate.mean": {
            "value": 1.5306553840637207,
            "min": -0.6037710905075073,
            "max": 1.808085322380066,
            "count": 1000
        },
        "AllTest3_HeightBrain.Environment.CumulativeReward.mean": {
            "value": 10.014999330043793,
            "min": -8.64999932050705,
            "max": 12.47999918460846,
            "count": 990
        },
        "AllTest3_HeightBrain.Policy.ExtrinsicReward.mean": {
            "value": 10.014999330043793,
            "min": -8.64999932050705,
            "max": 12.47999918460846,
            "count": 990
        },
        "AllTest3_HeightBrain.IsTraining.mean": {
            "value": 1.0,
            "min": 1.0,
            "max": 1.0,
            "count": 1000
        },
        "AllTest3_HeightBrain.Losses.ValueLoss.mean": {
            "value": 0.07621433585882187,
            "min": 0.013619636185467243,
            "max": 0.08868181705474854,
            "count": 97
        },
        "AllTest3_HeightBrain.Losses.PolicyLoss.mean": {
            "value": 0.032080937176942825,
            "min": 0.01557237934321165,
            "max": 0.03631711006164551,
            "count": 97
        },
        "AllTest3_HeightBrain.Policy.LearningRate.mean": {
            "value": 1.1650009810182382e-06,
            "min": 1.1650009810182382e-06,
            "max": 0.00029691841336898506,
            "count": 97
        },
        "AllTest3_WideZBrain.Policy.Entropy.mean": {
            "value": 0.5376697182655334,
            "min": 0.4800516366958618,
            "max": 1.3862663507461548,
            "count": 1000
        },
        "AllTest3_WideZBrain.Policy.ExtrinsicValueEstimate.mean": {
            "value": 1.6624560356140137,
            "min": -1.109564185142517,
            "max": 1.8126786947250366,
            "count": 1000
        },
        "AllTest3_WideZBrain.IsTraining.mean": {
            "value": 1.0,
            "min": 1.0,
            "max": 1.0,
            "count": 1000
        },
        "AllTest3_WideZBrain.Environment.EpisodeLength.mean": {
            "value": 499.0,
            "min": 499.0,
            "max": 5655.0,
            "count": 931
        },
        "AllTest3_WideZBrain.Environment.CumulativeReward.mean": {
            "value": 12.07666583855947,
            "min": -158.7549946308136,
            "max": 22.519998967647552,
            "count": 956
        },
        "AllTest3_WideZBrain.Policy.ExtrinsicReward.mean": {
            "value": 12.07666583855947,
            "min": -158.7549946308136,
            "max": 22.519998967647552,
            "count": 956
        },
        "AllTest3_WideZBrain.Losses.ValueLoss.mean": {
            "value": 0.05675749480724335,
            "min": 0.02244090847671032,
            "max": 0.7560118436813354,
            "count": 97
        },
        "AllTest3_WideZBrain.Losses.PolicyLoss.mean": {
            "value": 0.02178916335105896,
            "min": 0.017226453870534897,
            "max": 0.03546256572008133,
            "count": 97
        },
        "AllTest3_WideZBrain.Policy.LearningRate.mean": {
            "value": 1.1881035106853233e-06,
            "min": 1.1881035106853233e-06,
            "max": 0.00029692414682358503,
            "count": 97
        },
        "AllTest3_WideXBrain.Policy.Entropy.mean": {
            "value": 0.5749625563621521,
            "min": 0.5294845700263977,
            "max": 1.386228084564209,
            "count": 1000
        },
        "AllTest3_WideXBrain.Policy.ExtrinsicValueEstimate.mean": {
            "value": 1.7510430812835693,
            "min": -0.5235906839370728,
            "max": 2.0606942176818848,
            "count": 1000
        },
        "AllTest3_WideXBrain.IsTraining.mean": {
            "value": 1.0,
            "min": 1.0,
            "max": 1.0,
            "count": 1000
        },
        "AllTest3_WideXBrain.Environment.EpisodeLength.mean": {
            "value": 499.0,
            "min": 499.0,
            "max": 5655.0,
            "count": 931
        },
        "AllTest3_WideXBrain.Environment.CumulativeReward.mean": {
            "value": 12.363332589467367,
            "min": -75.13499527424574,
            "max": 21.734998762607574,
            "count": 956
        },
        "AllTest3_WideXBrain.Policy.ExtrinsicReward.mean": {
            "value": 12.363332589467367,
            "min": -75.13499527424574,
            "max": 21.734998762607574,
            "count": 956
        },
        "AllTest3_WideXBrain.Losses.ValueLoss.mean": {
            "value": 0.05402117967605591,
            "min": 0.014365811832249165,
            "max": 0.07830683887004852,
            "count": 97
        },
        "AllTest3_WideXBrain.Losses.PolicyLoss.mean": {
            "value": 0.022088950499892235,
            "min": 0.015880245715379715,
            "max": 0.03276713564991951,
            "count": 97
        },
        "AllTest3_WideXBrain.Policy.LearningRate.mean": {
            "value": 1.1881035106853233e-06,
            "min": 1.1881035106853233e-06,
            "max": 0.00029692414682358503,
            "count": 97
        }
    },
    "metadata": {
        "timer_format_version": "0.1.0",
        "start_time_seconds": "1591599422",
        "python_version": "3.7.7 (default, May  6 2020, 11:45:54) [MSC v.1916 64 bit (AMD64)]",
        "command_line_arguments": "C:\\Users\\vfgtr554\\anaconda3\\envs\\ml-agents\\Scripts\\mlagents-learn --train config/trainer_config.yaml --run-id=AllTest3 --force",
        "mlagents_version": "0.16.1",
        "mlagents_envs_version": "0.16.1",
        "communication_protocol_version": "1.0.0",
        "tensorflow_version": "2.2.0",
        "end_time_seconds": "1591601758"
    },
    "total": 2335.5100167,
    "count": 1,
    "self": 0.20912279999993189,
    "children": {
        "run_training.setup": {
            "total": 0.005558500000000244,
            "count": 1,
            "self": 0.005558500000000244
        },
        "TrainerController.start_learning": {
            "total": 2335.2953354,
            "count": 1,
            "self": 126.99646409998968,
            "children": {
                "TrainerController._reset_env": {
                    "total": 10.1249963,
                    "count": 1,
                    "self": 10.1249963
                },
                "TrainerController.advance": {
                    "total": 2195.5518833000096,
                    "count": 252857,
                    "self": 2.8266940999706094,
                    "children": {
                        "env_step": {
                            "total": 2192.725189200039,
                            "count": 252857,
                            "self": 1618.8407664000817,
                            "children": {
                                "SubprocessEnvManager._take_step": {
                                    "total": 570.9705107999791,
                                    "count": 252857,
                                    "self": 20.788312099898576,
                                    "children": {
                                        "NNPolicy.evaluate": {
                                            "total": 550.1821987000806,
                                            "count": 750141,
                                            "self": 550.1821987000806
                                        }
                                    }
                                },