{
    "name": "root",
    "gauges": {
        "R_HeightBrain.Policy.Entropy.mean": {
            "value": 0.046938687562942505,
            "min": 0.0037135735619813204,
            "max": 12.721455574035645,
            "count": 243
        },
        "R_HeightBrain.Environment.EpisodeLength.mean": {
            "value": 17.0,
            "min": 16.70175438596491,
            "max": 729.0,
            "count": 243
        },
        "R_HeightBrain.Policy.ExtrinsicValueEstimate.mean": {
            "value": -0.8527187705039978,
            "min": -39.55795669555664,
            "max": 0.21463820338249207,
            "count": 243
        },
        "R_HeightBrain.Environment.CumulativeReward.mean": {
            "value": -0.059999979626048694,
            "min": -19.130001306533813,
            "max": 64.66000509262085,
            "count": 243
        },
        "R_HeightBrain.Policy.ExtrinsicReward.mean": {
            "value": -0.059999979626048694,
            "min": -19.130001306533813,
            "max": 64.66000509262085,
            "count": 243
        },
        "R_HeightBrain.IsTraining.mean": {
            "value": 1.0,
            "min": 1.0,
            "max": 1.0,
            "count": 243
        },
        "R_HeightBrain.Losses.ValueLoss.mean": {
            "value": 0.6779804229736328,
            "min": 0.10082950443029404,
            "max": 2398.144287109375,
            "count": 117
        },
        "R_HeightBrain.Losses.PolicyLoss.mean": {
            "value": 0.07592473179101944,
            "min": 0.04712997004389763,
            "max": 0.3778538703918457,
            "count": 117
        },
        "R_HeightBrain.Policy.LearningRate.mean": {
            "value": 0.00022730162891093642,
            "min": 0.00022730162891093642,
            "max": 0.00029936942155472934,
            "count": 117
        }
    },
    "metadata": {
        "timer_format_version": "0.1.0",
        "start_time_seconds": "1591073696",
        "python_version": "3.7.7 (default, May  6 2020, 11:45:54) [MSC v.1916 64 bit (AMD64)]",
        "command_line_arguments": "C:\\Users\\vfgtr554\\anaconda3\\envs\\ml-agents\\Scripts\\mlagents-learn --train config/trainer_config.yaml --run-id=R --force",
        "mlagents_version": "0.16.1",
        "mlagents_envs_version": "0.16.1",
        "communication_protocol_version": "1.0.0",
        "tensorflow_version": "2.2.0",
        "end_time_seconds": "1591074173"
    },
    "total": 477.19926130000005,
    "count": 1,
    "self": 0.0008461000000465901,
    "children": {
        "run_training.setup": {
            "total": 0.013246999999999787,
            "count": 1,
            "self": 0.013246999999999787
        },
        "TrainerController.start_learning": {
            "total": 477.1851682,
            "count": 1,
            "self": 23.344853100000137,
            "children": {
                "TrainerController._reset_env": {
                    "total": 5.147269099999999,
                    "count": 1,
                    "self": 5.147269099999999
                },
                "TrainerController.advance": {
                    "total": 448.16544309999983,
                    "count": 61019,
                    "self": 0.7442750000124079,
                    "children": {
                        "env_step": {
                            "total": 447.4211680999874,
                            "count": 61019,
                            "self": 390.96184139998945,
                            "children": {
                                "SubprocessEnvManager._take_step": {
                                    "total": 55.646894399995276,
                                    "count": 61019,
                                    "self": 1.87349849999341,
                                    "children": {
                                        "NNPolicy.evaluate": {
                                            "total": 53.773395900001866,
                                            "count": 60841,
                                            "self": 53.773395900001866
                                        }
                                    }
                                },
                                "workers": {
                                    "total": 0.8124323000026852,
                                    "count": 61018,
                                    "self": 0.0,
                                    "children": {
                                        "worker_root": {
                                            "total": 470.0364832999952,
                                            "count": 61018,
                                            "is_parallel": true,
                                            "self": 161.16595249999307,
                                            "children": {
                                                "steps_from_proto": {
                                                    "total": 0.0012287000000004156,
                                                    "count": 1,
                                                    "is_parallel": true,
                                                    "self": 0.0003959000000000046,
                                                    "children": {
                                                        "_process_vector_observation": {
                                                            "total": 0.000832800000000411,
                                                            "count": 2,
                                                            "is_parallel": true,
                                                            "self": 0.000832800000000411
                                                        }
                                                    }
                                                },
                                                "UnityEnvironment.step": {
                                                    "total": 308.86930210000213,
                                                    "count": 61018,
                                                    "is_parallel": true,
                                                    "self": 5.360389000003977,
                                                    "children": {
                                                        "UnityEnvironment._generate_step_input": {
                                                            "total": 4.996003899997705,
                                                            "count": 61018,
                                                            "is_parallel": true,
                                                            "self": 4.996003899997705
                                                        },
                                                        "communicator.exchange": {
                                                            "total": 280.25058989999735,
                                                            "count": 61018,
                                                            "is_parallel": true,
                                                            "self": 280.25058989999735
                                                        },
                                                        "steps_from_proto": {
                                                            "total": 18.262319300003092,
                                                            "count": 61018,
                                                            "is_parallel": true,
                                                            "self": 10.68358190000177,
                                                            "children": {
                                                                "_process_vector_observation": {
                                                                    "total": 7.578737400001323,