{"count":1,"gauges":{},"self":8.8700952,"total":8.9719449,"children":{"AgentResetIfDone":{"count":159,"self":0.0020017999999999998,"total":0.0020017999999999998,"children":null},"AgentSendState":{"count":159,"self":0.0049813,"total":0.0059802,"children":{"CollectObservations":{"count":384,"self":0.0009989,"total":0.0009989,"children":null}}},"DecideAction":{"count":159,"self":0.0878728,"total":0.0878728,"children":null},"AcademyStep":{"count":159,"self":0,"total":0,"children":null},"AgentAct":{"count":159,"self":0.0049927,"total":0.0049927,"children":null}}}