{
    "name": "root",
    "gauges": {
        "AllTest2_WideZBrain.Policy.Entropy.mean": {
            "value": 0.7195510864257812,
            "min": 0.5973156690597534,
            "max": 1.3862022161483765,
            "count": 500
        },
        "AllTest2_WideZBrain.Policy.ExtrinsicValueEstimate.mean": {
            "value": 1.4593299627304077,
            "min": -1.3021389245986938,
            "max": 1.977248191833496,
            "count": 500
        },
        "AllTest2_WideZBrain.IsTraining.mean": {
            "value": 1.0,
            "min": 1.0,
            "max": 1.0,
            "count": 500
        },
        "AllTest2_WideZBrain.Environment.EpisodeLength.mean": {
            "value": 552.3333333333334,
            "min": 499.0,
            "max": 5309.0,
            "count": 358
        },
        "AllTest2_WideZBrain.Environment.CumulativeReward.mean": {
            "value": 11.014999399582544,
            "min": -92.03249529004097,
            "max": 18.044998928904533,
            "count": 353
        },
        "AllTest2_WideZBrain.Policy.ExtrinsicReward.mean": {
            "value": 11.014999399582544,
            "min": -92.03249529004097,
            "max": 18.044998928904533,
            "count": 353
        },
        "AllTest2_WideZBrain.Losses.ValueLoss.mean": {
            "value": 0.09126449376344681,
            "min": 0.018541596829891205,
            "max": 0.5741670727729797,
            "count": 48
        },
        "AllTest2_WideZBrain.Losses.PolicyLoss.mean": {
            "value": 0.023153722286224365,
            "min": 0.01750163361430168,
            "max": 0.03686433658003807,
            "count": 48
        },
        "AllTest2_WideZBrain.Policy.LearningRate.mean": {
            "value": 0.00015212883590720594,
            "min": 0.00015212883590720594,
            "max": 0.0002969187044072896,
            "count": 48
        },
        "AllTest2_HeightBrain.Policy.Entropy.mean": {
            "value": 0.7785931825637817,
            "min": 0.681788980960846,
            "max": 1.385715365409851,
            "count": 500
        },
        "AllTest2_HeightBrain.Environment.EpisodeLength.mean": {
            "value": 209.0,
            "min": 2.3333333333333335,
            "max": 499.0,
            "count": 423
        },
        "AllTest2_HeightBrain.Policy.ExtrinsicValueEstimate.mean": {
            "value": 1.346260905265808,
            "min": -0.6706444621086121,
            "max": 1.523604393005371,
            "count": 500
        },
        "AllTest2_HeightBrain.Environment.CumulativeReward.mean": {
            "value": 6.121666279931863,
            "min": -5.272499658167362,
            "max": 12.47999918460846,
            "count": 427
        },
        "AllTest2_HeightBrain.Policy.ExtrinsicReward.mean": {
            "value": 6.121666279931863,
            "min": -5.272499658167362,
            "max": 12.47999918460846,
            "count": 427
        },
        "AllTest2_HeightBrain.IsTraining.mean": {
            "value": 1.0,
            "min": 1.0,
            "max": 1.0,
            "count": 500
        },
        "AllTest2_HeightBrain.Losses.ValueLoss.mean": {
            "value": 0.08091824501752853,
            "min": 0.012351999059319496,
            "max": 0.08812185376882553,
            "count": 48
        },
        "AllTest2_HeightBrain.Losses.PolicyLoss.mean": {
            "value": 0.028305860236287117,
            "min": 0.016141172498464584,
            "max": 0.0332423634827137,
            "count": 48
        },
        "AllTest2_HeightBrain.Policy.LearningRate.mean": {
            "value": 0.00015207129763439298,
            "min": 0.00015207129763439298,
            "max": 0.0002969277265947312,
            "count": 48
        },
        "AllTest2_WideXBrain.Policy.Entropy.mean": {
            "value": 0.660496711730957,
            "min": 0.6492003798484802,
            "max": 1.386124849319458,
            "count": 500
        },
        "AllTest2_WideXBrain.Policy.ExtrinsicValueEstimate.mean": {
            "value": 1.9628071784973145,
            "min": -1.791353464126587,
            "max": 1.9628071784973145,
            "count": 500
        },
        "AllTest2_WideXBrain.IsTraining.mean": {
            "value": 1.0,
            "min": 1.0,
            "max": 1.0,
            "count": 500
        },
        "AllTest2_WideXBrain.Environment.EpisodeLength.mean": {
            "value": 552.3333333333334,
            "min": 499.0,
            "max": 5309.0,
            "count": 358
        },
        "AllTest2_WideXBrain.Environment.CumulativeReward.mean": {
            "value": 13.469999223947525,
            "min": -53.97749639675021,
            "max": 19.219998717308044,
            "count": 353
        },
        "AllTest2_WideXBrain.Policy.ExtrinsicReward.mean": {
            "value": 13.469999223947525,
            "min": -53.97749639675021,
            "max": 19.219998717308044,
            "count": 353
        },
        "AllTest2_WideXBrain.Losses.ValueLoss.mean": {
            "value": 0.08206523209810257,
            "min": 0.014896189793944359,
            "max": 0.11869683861732483,
            "count": 48
        },
        "AllTest2_WideXBrain.Losses.PolicyLoss.mean": {
            "value": 0.01822023279964924,
            "min": 0.01506268884986639,
            "max": 0.035119011998176575,
            "count": 48
        },
        "AllTest2_WideXBrain.Policy.LearningRate.mean": {
            "value": 0.00015212883590720594,
            "min": 0.00015212883590720594,
            "max": 0.0002969187044072896,
            "count": 48
        }
    },
    "metadata": {
        "timer_format_version": "0.1.0",
        "start_time_seconds": "1591597838",
        "python_version": "3.7.7 (default, May  6 2020, 11:45:54) [MSC v.1916 64 bit (AMD64)]",
        "command_line_arguments": "C:\\Users\\vfgtr554\\anaconda3\\envs\\ml-agents\\Scripts\\mlagents-learn --train config/trainer_config.yaml --run-id=AllTest2 --force",
        "mlagents_version": "0.16.1",
        "mlagents_envs_version": "0.16.1",
        "communication_protocol_version": "1.0.0",
        "tensorflow_version": "2.2.0",
        "end_time_seconds": "1591599071"
    },
    "total": 1233.0530910999998,
    "count": 1,
    "self": 0.0006123999999090302,
    "children": {
        "run_training.setup": {
            "total": 0.0057906999999999265,
            "count": 1,
            "self": 0.0057906999999999265
        },
        "TrainerController.start_learning": {
            "total": 1233.046688,
            "count": 1,
            "self": 68.11430170003109,
            "children": {
                "TrainerController._reset_env": {
                    "total": 5.244668,
                    "count": 1,
                    "self": 5.244668
                },
                "TrainerController.advance": {
                    "total": 1158.2357106999686,
                    "count": 127244,
                    "self": 1.4765068999813593,
                    "children": {
                        "env_step": {
                            "total": 1156.7592037999873,
                            "count": 127244,
                            "self": 851.184714799999,
                            "children": {
                                "SubprocessEnvManager._take_step": {
                                    "total": 303.948539399982,
                                    "count": 127244,
                                    "self": 10.63567450002813,
                                    "children": {
                                        "NNPolicy.evaluate": {
                                            "total": 293.31286489995387,
                                            "count": 375832,
                                            "self": 293.31286489995387
                                        }
                                    }
                                },