{"count":1,"gauges":{},"self":37.6379776,"total":632.05425989999992,"children":{"AgentResetIfDone":{"count":45084,"self":0.23893899999999998,"total":0.23893899999999998,"children":null},"AgentSendState":{"count":45084,"self":9.7854672,"total":12.278063999999999,"children":{"CollectObservations":{"count":1623024,"self":2.4925964,"total":2.4925965,"children":null}}},"DecideAction":{"count":45084,"self":574.1161472,"total":580.5491667,"children":{"AgentInfo.ToProto":{"count":180336,"self":6.4330007999999994,"total":6.4330007,"children":null}}},"AcademyStep":{"count":45084,"self":0.0730726,"total":0.0730726,"children":null},"AgentAct":{"count":45084,"self":1.2750422,"total":1.2750422,"children":null}}}