{"cameraMode":{"drawMode":0,"name":"Shaded","section":"Shading Mode"},"sceneLighting":false,"audioPlay":false,"sceneViewState":{"showFog":true,"showMaterialUpdate":false,"showSkybox":true,"showFlares":true,"showImageEffects":true,"showParticleSystems":true},"in2DMode":false,"pivot":{"x":-0.0149993896484375,"y":12.175000190734864,"z":-0.0149993896484375},"rotation":{"x":-0.19259732961654664,"y":0.003529893234372139,"z":-0.0006928156944923103,"w":-0.9812707901000977},"size":238.16551208496095,"orthographic":false}