{"cameraMode":{"drawMode":0,"name":"Shaded","section":"Shading Mode"},"sceneLighting":false,"audioPlay":false,"sceneViewState":{"showFog":true,"showMaterialUpdate":false,"showSkybox":true,"showFlares":true,"showImageEffects":true,"showParticleSystems":true},"in2DMode":false,"pivot":{"x":-32.0099983215332,"y":2.0,"z":-9.55975341796875},"rotation":{"x":-0.19259732961654664,"y":0.003529893234372139,"z":-0.0006928156944923103,"w":-0.9812707901000977},"size":4.286825656890869,"orthographic":false}