{"cameraMode":{"drawMode":0,"name":"Shaded","section":"Shading Mode"},"sceneLighting":true,"audioPlay":false,"sceneViewState":{"showFog":true,"showMaterialUpdate":true,"showSkybox":true,"showFlares":true,"showImageEffects":true,"showParticleSystems":true},"in2DMode":false,"pivot":{"x":-16.020069122314454,"y":-16.66604232788086,"z":1.231565237045288},"rotation":{"x":-0.3087557554244995,"y":0.6655067801475525,"z":-0.3543829023838043,"w":-0.5798192024230957},"size":21.645320892333986,"orthographic":false}