{
    "name": "root",
    "gauges": {
        "Bed.Policy.Entropy.mean": {
            "value": 0.9696081280708313,
            "min": 0.9696081280708313,
            "max": 1.485907793045044,
            "count": 8
        },
        "Bed.Policy.ExtrinsicValueEstimate.mean": {
            "value": -14.542487144470215,
            "min": -14.542487144470215,
            "max": 0.03234752640128136,
            "count": 8
        },
        "Bed.Environment.EpisodeLength.mean": {
            "value": 1997.6666666666667,
            "min": 1997.6666666666667,
            "max": 1997.6666666666667,
            "count": 8
        },
        "Bed.Environment.CumulativeReward.mean": {
            "value": -7680.4721272786455,
            "min": -23006.862955729168,
            "max": -7680.4721272786455,
            "count": 8
        },
        "Bed.Policy.ExtrinsicReward.mean": {
            "value": -7680.4721272786455,
            "min": -23006.862955729168,
            "max": -7680.4721272786455,
            "count": 8
        },
        "Bed.IsTraining.mean": {
            "value": 1.0,
            "min": 1.0,
            "max": 1.0,
            "count": 8
        },
        "Bed.Losses.ValueLoss.mean": {
            "value": 45468.0,
            "min": 45468.0,
            "max": 332190.34375,
            "count": 7
        },
        "Bed.Losses.PolicyLoss.mean": {
            "value": 0.10026657581329346,
            "min": 0.0945834070444107,
            "max": 0.10163114219903946,
            "count": 7
        },
        "Bed.Policy.LearningRate.mean": {
            "value": 0.0002454360655974597,
            "min": 0.0002454360655974597,
            "max": 0.0002922048151958734,
            "count": 7
        },
        "Bed.Policy.Epsilon.mean": {
            "value": 0.18181203305721283,
            "min": 0.18181203305721283,
            "max": 0.19740162789821625,
            "count": 7
        },
        "Bed.Policy.Beta.mean": {
            "value": 0.0008199388394132257,
            "min": 0.0008199388394132257,
            "max": 0.0009742759866639972,
            "count": 7
        },
        "Sofa.Policy.Entropy.mean": {
            "value": 1.0197211503982544,
            "min": 1.0197211503982544,
            "max": 1.4653373956680298,
            "count": 8
        },
        "Sofa.Policy.ExtrinsicValueEstimate.mean": {
            "value": -14.825325965881348,
            "min": -14.825325965881348,
            "max": 0.17404146492481232,
            "count": 8
        },
        "Sofa.Environment.EpisodeLength.mean": {
            "value": 1998.0,
            "min": 1998.0,
            "max": 1998.0,
            "count": 8
        },
        "Sofa.Environment.CumulativeReward.mean": {
            "value": -3068.5498250325522,
            "min": -10100.366658528646,
            "max": -3068.5498250325522,
            "count": 8
        },
        "Sofa.Policy.ExtrinsicReward.mean": {
            "value": -3068.5498250325522,
            "min": -10100.366658528646,
            "max": -3068.5498250325522,
            "count": 8
        },
        "Sofa.IsTraining.mean": {
            "value": 1.0,
            "min": 1.0,
            "max": 1.0,
            "count": 8
        },
        "Sofa.Losses.ValueLoss.mean": {
            "value": 4399.60400390625,
            "min": 4399.60400390625,
            "max": 74173.6796875,
            "count": 7
        },
        "Sofa.Losses.PolicyLoss.mean": {
            "value": 0.09532154351472855,
            "min": 0.09532154351472855,
            "max": 0.0999847948551178,
            "count": 7
        },
        "Sofa.Policy.LearningRate.mean": {
            "value": 0.00024542701430618763,
            "min": 0.00024542701430618763,
            "max": 0.0002922036510426551,
            "count": 7
        },
        "Sofa.Policy.Epsilon.mean": {
            "value": 0.18180899322032928,
            "min": 0.18180899322032928,
            "max": 0.19740118086338043,
            "count": 7
        },
        "Sofa.Policy.Beta.mean": {
            "value": 0.0008199092699214816,
            "min": 0.0008199092699214816,
            "max": 0.000974272086750716,
            "count": 7
        }
    },
    "metadata": {
        "timer_format_version": "0.1.0",
        "start_time_seconds": "1609798048",
        "python_version": "3.7.9 (default, Aug 31 2020, 17:10:11) [MSC v.1916 64 bit (AMD64)]",
        "command_line_arguments": "C:\\Users\\vfgtr\\anaconda3\\envs\\ml-agents\\Scripts\\mlagents-learn --train --force config/OfficeAgent.yaml --run-id=newExperiment",
        "mlagents_version": "0.19.0",
        "mlagents_envs_version": "0.19.0",
        "communication_protocol_version": "1.0.0",
        "tensorflow_version": "2.3.0",
        "numpy_version": "1.19.2",
        "end_time_seconds": "1609798635"
    },
    "total": 587.5267384,
    "count": 1,
    "self": 0.05449800000008054,
    "children": {
        "run_training.setup": {
            "total": 0.006435800000000214,
            "count": 1,
            "self": 0.006435800000000214
        },
        "TrainerController.start_learning": {
            "total": 587.4658046,
            "count": 1,
            "self": 3.062637899984338,
            "children": {
                "TrainerController._reset_env": {
                    "total": 4.486308800000001,
                    "count": 1,
                    "self": 4.486308800000001
                },
                "TrainerController.advance": {
                    "total": 579.7213040000156,
                    "count": 98399,
                    "self": 1.584113699999989,
                    "children": {
                        "env_step": {
                            "total": 578.1371903000156,
                            "count": 98399,
                            "self": 429.47963150000834,
                            "children": {
                                "SubprocessEnvManager._take_step": {
                                    "total": 147.17816080001194,
                                    "count": 98399,
                                    "self": 5.582379100012588,
                                    "children": {
                                        "TFPolicy.evaluate": {
                                            "total": 141.59578169999935,
                                            "count": 196682,
                                            "self": 141.59578169999935
                                        }
                                    }
                                },
                                "workers": {
                                    "total": 1.4793979999953466,
                                    "count": 98398,
                                    "self": 0.0,
                                    "children": {
                                        "worker_root": {
                                            "total": 580.9696490999894,
                                            "count": 98398,
                                            "is_parallel": true,
                                            "self": 269.4756516000058,
                                            "children": {
                                                "steps_from_proto": {
                                                    "total": 0.0002884999999999138,
                                                    "count": 1,
                                                    "is_parallel": true,
                                                    "self": 0.0001509999999997902,
                                                    "children": {
                                                        "_process_vector_observation": {
                                                            "total": 0.00013750000000012363,
                                                            "count": 2,