{"count":1,"self":119.14127359999999,"total":643.84434879999992,"children":{"AgentSendState":{"count":161567,"self":5.3368828,"total":10.4485224,"children":{"CollectObservations":{"count":161567,"self":0.97782459999999993,"total":0.97782459999999993,"children":null},"CollectDiscreteActionMasks":{"count":161567,"self":0.89050409999999991,"total":0.89050409999999991,"children":null},"AgentInfo.ToProto":{"count":161567,"self":1.3497803,"total":3.2433107999999997,"children":{"GenerateSensorData":{"count":161567,"self":1.8935304,"total":1.8935305,"children":null}}}}},"DecideAction":{"count":161567,"self":511.4994688,"total":511.4994743,"children":null},"AgentAct":{"count":161567,"self":2.7450745999999997,"total":2.7540839999999998,"children":{"AgentInfo.ToProto":{"count":161,"self":0.0049683,"total":0.009009399999999999,"children":{"GenerateSensorData":{"count":161,"self":0.0040411,"total":0.0040411,"children":null}}}}}},"gauges":{"Office.CumulativeReward":{"count":161,"max":-5963.58057,"min":-24079.2813,"runningAverage":-10380.6,"value":-6168.37354,"weightedAverage":-6159.87451}},"metadata":{"timer_format_version":"0.1.0","start_time_seconds":"1608727518","unity_version":"2019.3.15f1","command_line_arguments":"C:\\Program Files\\Unity\\Hub\\Editor\\2019.3.15f1\\Editor\\Unity.exe -projectpath C:\/Users\/vfgtr\/Desktop\/OfficeAgent 3 -useHub -hubIPC -cloudEnvironment production -hubSessionId 52fcc140-4518-11eb-81f5-6bc2aa3d2812 -accessToken O5hf0-tvX82v3SQQmtT01wrZOs2-mWMOd0wScopsh_400df","communication_protocol_version":"1.0.0","com.unity.ml-agents_version":"1.0.6","scene_name":"RewardFunction","end_time_seconds":"1608728161"}}