{"count":1,"self":104.07027199999999,"total":584.39283719999992,"children":{"AgentSendState":{"count":98401,"self":5.5468424,"total":15.9557553,"children":{"CollectObservations":{"count":196686,"self":1.2020716999999999,"total":1.2020716999999999,"children":null},"CollectDiscreteActionMasks":{"count":196686,"self":5.3404568,"total":5.3404567,"children":null},"AgentInfo.ToProto":{"count":196686,"self":1.6678897,"total":3.8663844,"children":{"GenerateSensorData":{"count":196686,"self":2.1984947999999997,"total":2.1984947,"children":null}}}}},"DecideAction":{"count":98401,"self":457.31640319999997,"total":457.316418,"children":null},"AgentAct":{"count":98401,"self":7.0464128,"total":7.0493802,"children":{"AgentInfo.ToProto":{"count":98,"self":0,"total":0.0029671999999999997,"children":{"GenerateSensorData":{"count":98,"self":0.0029671999999999997,"total":0.0029671999999999997,"children":null}}}}}},"gauges":{"Sofa.CumulativeReward":{"count":49,"max":-2939.01563,"min":-12086.2031,"runningAverage":-5072.1377,"value":-2939.214,"weightedAverage":-3063.872},"Bed.CumulativeReward":{"count":49,"max":-5971.012,"min":-25162.4023,"runningAverage":-13476.8369,"value":-5971.012,"weightedAverage":-7251.441}},"metadata":{"timer_format_version":"0.1.0","start_time_seconds":"1609798051","unity_version":"2019.3.15f1","command_line_arguments":"C:\\Program Files\\Unity\\Hub\\Editor\\2019.3.15f1\\Editor\\Unity.exe -projectpath C:\/Users\/vfgtr\/Desktop\/OfficeAgent 3 -useHub -hubIPC -cloudEnvironment production -hubSessionId 806527b0-4ea7-11eb-945f-9d0e253ba5e4 -accessToken CuOmiqcw3i2oNveBxZvTNW5QjzBvikgolyg7nQz320Q00df","communication_protocol_version":"1.0.0","com.unity.ml-agents_version":"1.0.6","scene_name":"Reward Function Star Algorithm","end_time_seconds":"1609798635"}}