{"UID":"","VisualisationType":"SCATTERPLOT","parallelCoordinatesDimensionsAttributes":[],"parallelCoordinatesDimensionsMinFilter":[],"parallelCoordinatesDimensionsMaxFilter":[],"parallelCoordinatesDimensionsMinScale":[],"parallelCoordinatesDimensionsMaxScale":[],"Geometry":1,"AxiesKeys":[0,1,2],"AxiesValues":["경도","위도","날짜"],"ColourDimension":"시간","SizeDimension":"Activity","LinkingDimension":"경로","colourKeys":{"serializedVersion":"2","key0":{"r":0.17924529314041139,"g":0.6122522354125977,"b":1.0,"a":1.0},"key1":{"r":1.0,"g":0.15094339847564698,"b":0.15094339847564698,"a":1.0},"key2":{"r":1.0,"g":0.9934456944465637,"b":0.0,"a":0.0},"key3":{"r":0.017906412482261659,"g":0.9528301954269409,"b":0.0,"a":0.0},"key4":{"r":0.0,"g":0.9250476360321045,"b":1.0,"a":0.0},"key5":{"r":0.0,"g":0.39455270767211916,"b":1.0,"a":0.0},"key6":{"r":0.49025630950927737,"g":0.0,"b":1.0,"a":0.0},"key7":{"r":0.0,"g":0.0,"b":0.0,"a":0.0},"ctime0":0,"ctime1":65535,"ctime2":21845,"ctime3":32768,"ctime4":43690,"ctime5":54613,"ctime6":65535,"ctime7":0,"atime0":0,"atime1":65535,"atime2":0,"atime3":0,"atime4":0,"atime5":0,"atime6":0,"atime7":0,"m_Mode":0,"m_NumColorKeys":2,"m_NumAlphaKeys":2},"colour":{"r":1.0,"g":1.0,"b":1.0,"a":1.0},"Size":0.07000000029802323,"MinSize":0.009999999776482582,"MaxSize":1.0}